rank,freq,Wort,Wortart,"Hörbeispiele",Synonyme,"Gegenwörter","Übersetzung",pronunciation_url
1,10094674,ich,Personalpronomen,De-ich.ogg,"","","I, me",https://commons.wikimedia.org/wiki/Special:FilePath/De-ich.ogg
3,3796784,sein,Hilfsverb,De-sein.ogg,"sich befinden, anwesend sein, bestehen, leben","","be, exist, be, have, be",https://commons.wikimedia.org/wiki/Special:FilePath/De-sein.ogg
5,1890181,du,Personalpronomen,De-du.ogg,"","",you,https://commons.wikimedia.org/wiki/Special:FilePath/De-du.ogg
37,384113,sehen,Verb,De-sehen.ogg,"","fühlen, hören, spüren, tasten","say, see, look, see, view",https://commons.wikimedia.org/wiki/Special:FilePath/De-sehen.ogg
39,376830,machen,Verb,De-machen.ogg,"anfertigen, arbeiten an, ausarbeiten, basteln, bauen, erschaffen, erstellen, erzeugen, fabrizieren, fertigen, gestalten, herstellen, schaffen, verarbeiten, verfertigen, antreiben, anregen, auslösen, befehlen, bestimmen, bewerkstelligen, bewirken, einfädeln, initiieren, nötigen, veranlassen, dafür sorgen; lassen ''(mit Infinitiv)'', sorgen für, arbeiten, erledigen, schaffen, sich befassen mit, sich beschäftigen mit, sich widmen, tun, verstehen, sich erleichtern; ''nicht euphemistisch, aber gehobene Sprache:'' [a] koten, defäzieren, [b] harnen, urinieren, geben, hineingeben, füllen, auffüllen, einfüllen; ''andere Regionen:'' tun, drauftun, hineintun, fortmachen, gehen, umziehen, weggehen, wegziehen, auswandern, fliehen, flüchten","unterlassen, verschießen","make, do, put, go",https://commons.wikimedia.org/wiki/Special:FilePath/De-machen.ogg
59,217839,wissen,Verb,De-wissen.ogg,"","annehmen, glauben, vermuten",know,https://commons.wikimedia.org/wiki/Special:FilePath/De-wissen.ogg
63,193569,Nichts,Substantiv,De-Nichts.ogg,"Leere, Nirvana, Niemand, Null, Paria, Underdog, der letzte Mensch","Universum, Welt","void, nothingness, zero, underdog, naught, nobody",https://commons.wikimedia.org/wiki/Special:FilePath/De-Nichts.ogg
65,188465,man,Indefinitpronomen,De-at-man.ogg,"","","one, you",https://commons.wikimedia.org/wiki/Special:FilePath/De-at-man.ogg
69,181538,Denken,Substantiv,De-Denken.ogg,"","Fühlen","thinking, thought",https://commons.wikimedia.org/wiki/Special:FilePath/De-Denken.ogg
87,141770,Mann,Substantiv,De-Mann.ogg,"Kerl, Ehegatte, Ehemann, Ehepartner, Gatte, Gemahl, Gespons, Kopf","Frau, Weib, Junge, Kind, Ehefrau, Frau, Eheweib, Gattin, Junggeselle","man, husband, spouse",https://commons.wikimedia.org/wiki/Special:FilePath/De-Mann.ogg
103,118169,lieb,Adjektiv,De-lieb.ogg,"","gehässig, böse, unlieb, verachtet, aufmüpfig, renitent","nice, dear",https://commons.wikimedia.org/wiki/Special:FilePath/De-lieb.ogg
108,114064,Weg,Substantiv,De-Weg.ogg,"Bahn, Gang, Gleis, Route, Verbindung, Zugang, Strecke, Ansatz, Chance, Methode, Möglichkeit, Praktik, Vorgehen, Verfahren, Bahn, Wegstrecke","Straße, Abweg, Irrweg, Holzweg, Schranke, Halt, Stopp, Ausweglosigkeit, Dilemma, Klemme","track, route, path, way",https://commons.wikimedia.org/wiki/Special:FilePath/De-Weg.ogg
113,101264,Zeit,Substantiv,De-Zeit.ogg,"",Raum,"tide, time, tide, tense",https://commons.wikimedia.org/wiki/Special:FilePath/De-Zeit.ogg
122,93136,Frau,Substantiv,De-Frau.ogg,"Dame, Weib, Angetraute, Ehefrau, Ehegattin, Eheweib, Gattin, Gemahlin, {{va.|,}} ''17. Jahrhundert:'' Lady, Madame, Madam","Herr, Mann, Ehemann; Exfrau, Herr","woman, wife, spouse, Mrs.",https://commons.wikimedia.org/wiki/Special:FilePath/De-Frau.ogg
138,80393,Hallo,Substantiv,De-Hallo.ogg,Gejohle,"",hallo,https://commons.wikimedia.org/wiki/Special:FilePath/De-Hallo.ogg
145,71313,Vater,Substantiv,De-Vater2.ogg,"alter Herr, Dad, Daddy, Knan/Knän, Pa, Papa, Papi, Paps, Senior, Stifter, Urheber, Vatl, Vati; ''alle nachfolgenden abwertend:'' Erzeuger, der Alte (Alter), der Olle (Oller), biologischer ''Vater'', Erzeuger, Pater, Schöpfer, Vorvater, Ahn",Mutter,"father, daddy, dad",https://commons.wikimedia.org/wiki/Special:FilePath/De-Vater2.ogg
154,67125,Tag,Substantiv,De-Tag.ogg,"24-Stunden-Tag, Erdtag, ''siehe auch:'' Verzeichnis:Deutsch/Zeit und Kalender","Nacht, Jahr, Monat, Stunde, Woche","day, period",https://commons.wikimedia.org/wiki/Special:FilePath/De-Tag.ogg
164,59618,Mutter,Eigenname,"","Mama, Mutti","","",""
216,44446,Haus,Substantiv,De-Haus.ogg,"Wohnhaus, Wohngebäude, Heim, Wohnung, Zuhause, Kammer, Familie, {{ugs.}}&lt;ref name=&quot;Küpper&quot;/&gt;'':'' Gepäck, ''salopp, abwertend:'' Mischpoke, Haushalt, ''gehoben:'' Hausstand, ''Astrologie: Domizil","Auge, Bahn, Finne/Pinne/Schmalbahn","house, home, house, family, household, bod, cookie, critter, slugger, shell",https://commons.wikimedia.org/wiki/Special:FilePath/De-Haus.ogg
221,43625,Musik,Substantiv,De-Musik.ogg,"Tonkunst, Begleitung, Komposition, Tonreich, Vertonung, (Musik)Stück, ''umgangssprachlich:'' Mucke, Band, Ensemble, Formation, Gruppe, Kapelle, Orchester, Spielmannszug, Musikunterricht","",music,https://commons.wikimedia.org/wiki/Special:FilePath/De-Musik.ogg
260,34293,Familie,Substantiv,De-Familie.OGG,"Blutsverwandte, Sippe, Abart, Art, Bereich, Departement, Dialekt, Fach, Gattung, Genus, Geschlecht, Gruppe, Kategorie, Linie, Rasse, Reihe, Rubrik, Schlag","Single, Junggeselle",family,https://commons.wikimedia.org/wiki/Special:FilePath/De-Familie.OGG
273,33245,Hilfe,Substantiv,De-Hilfe.ogg,"Hilfsmittel, Unterstützung, Anwendungshilfe, Programmhilfe","",help,https://commons.wikimedia.org/wiki/Special:FilePath/De-Hilfe.ogg
275,33079,Kind,Substantiv,De-Kind.ogg,"Kid, Kiddi, Wurm, Zögling; ''Masematte:'' Koten; {{österr.|,}} {{ugs.|:}} Gschrapp; {{abw.|:}} Blag, Blage, Gör, Göre, Kröte, Plagegeist, Quälgeist, Abkömmling, Nachkomme, Nachwuchs, Nachgeborener, Spross, Sprössling","Erwachsener, Jugendlicher, Eltern, Großeltern, Urgroßeltern","child, kid, kiddo, offspring",https://commons.wikimedia.org/wiki/Special:FilePath/De-Kind.ogg
278,32609,lieben,Verb,De-lieben.ogg,"koitieren, kopulieren, Liebe machen, auf Wolke sieben sein, auf Wolke sieben schweben, verliebt sein","hassen, verabscheuen, abstinieren",love,https://commons.wikimedia.org/wiki/Special:FilePath/De-lieben.ogg
287,31831,Kriegen,"Deklinierte Form",De-Kriegen.ogg,"","","",https://commons.wikimedia.org/wiki/Special:FilePath/De-Kriegen.ogg
297,29590,Stadt,Substantiv,"De-Stadt.OGG‎‎‎","Stadtverwaltung, City, Innenstadt, Stadtmitte, Stadtzentrum, Zentrum","Dorf, Land, Wohngebiet, Vorort","city, town","https://commons.wikimedia.org/wiki/Special:FilePath/De-Stadt.OGG‎‎‎"
312,28149,Uhr,Substantiv,De-Uhr.ogg,"Chronometer, Zeitmesser, Stunde, Durchflussmesser, Durchströmmesser","","clock, watch, ticker, o'clock, hour|hours",https://commons.wikimedia.org/wiki/Special:FilePath/De-Uhr.ogg
316,27935,Baby,Substantiv,De-Baby.ogg,"Säugling, Neugeborenes, Wonneproppen, Kind, Schatz, Liebling, Babe, Braut, Schätzchen, Schnecke, Lusche, Memme, Waschlappen, Weichei","","baby, infant",https://commons.wikimedia.org/wiki/Special:FilePath/De-Baby.ogg
342,26062,Auto,Substantiv,De-Auto.ogg,"Automobil, PKW, Personenkraftwagen, Wagen; :[1] {{K|umgangssprachlich|abwertend|salopp}} Schüssel, Schüttel, Kiste, Reisschüssel, Rostlaube; Stinker, Rußer, Spielzeugauto","","auto, car, motor car",https://commons.wikimedia.org/wiki/Special:FilePath/De-Auto.ogg
349,25077,August,Substantiv,De-August(Monat).ogg,"Achter, Ährenmonat, Erntemonat, Ernting, Sichelmonat","Januar/Jänner, Februar/Feber, März, April, Mai, Juni, Juli, September, Oktober, November, Dezember",August,https://commons.wikimedia.org/wiki/Special:FilePath/De-August(Monat).ogg
375,23136,Hand,Substantiv,"De-Hand.ogg‎","''die rechte Hand:'' (die) Rechte, ''die linke Hand:'' (die) Linke, ''die geballte Hand:'' Faust, ''besonders raue Hände (stets im Plural):'' Waschfrauenhände, ''Hand eines Kindes (auch ironisch):'' Patschhändchen, ''besonders große Hand (auch ironisch):'' Pranke, Pratze, Schaufel, ''ironisch:'' Flosse, Griffel, Klaue, Patsche, Pfote,  Tatze,  ''künstlich hergestellter Arm mit Hand:'' Greifarm, Klaue, Pfote, Sauklaue, Hands, Handspiel, Lamäng","Fuß",hand,"https://commons.wikimedia.org/wiki/Special:FilePath/De-Hand.ogg‎"
377,23112,Schau,Substantiv,De-Schau.ogg,"Auslage, Ausstellung, Darstellung, Exposition, Präsentation, Aufführung, Bühne, Darbietung, Nummer, Revue, Show, Spiel, Szene, Varieté, Vorstellung, Besinnung, Gespür, Intuition, Instinkt, Konzentration, Meditation, Versenkung, Aspekt, Blickpunkt, Blickwinkel, Horizont, Panorama, Position, Sicht, Standpunkt, Überblick, Warte","Gehör","exhibition, exposition, show, gala, look",https://commons.wikimedia.org/wiki/Special:FilePath/De-Schau.ogg
383,22577,kaufen,Verb,De-kaufen.ogg,"erwerben, erstehen, anschaffen, vorknöpfen, in die Mangel nehmen, bestechen","verkaufen; stehlen",buy,https://commons.wikimedia.org/wiki/Special:FilePath/De-kaufen.ogg
388,22128,Jahr,Substantiv,De-Jahr.ogg,"Kalenderjahr, Anno, Lenze, Lebensjahr","","year, age",https://commons.wikimedia.org/wiki/Special:FilePath/De-Jahr.ogg
390,22015,Wasser,Substantiv,De-Wasser.ogg,"das feuchte Element, das nasse Element, Nass, H&lt;sub&gt;2&lt;/sub&gt;O, Wasserstoffoxid, ''scherzhaft für Wasser zum Trinken:'' Gänsewein, ''scherzhaft:'' Dihydrogenmonoxid, Gewässer, Schweiß, Harn, Urin; Tränen, Zähren, Duftwasser, Obstbrand, Obstler, Ödem","","water, whiskey, water",https://commons.wikimedia.org/wiki/Special:FilePath/De-Wasser.ogg
409,20995,Land,Substantiv,De-Land.ogg,"Festland, Landmasse, Nation, Staat, Bundesland, Freistaat, Kronland, Provinz, Reichsland, Flur, Gebiet, Gegend, Gelände, Landschaft, Region, Dorf, ländlicher Raum, Grundbesitz, Grundstück, Immobilie, Ländereien, Scholle, Boden, Erdboden, Erde, Erdreich, Terrain, Hoheitsgebiet, Staatsgebiet, Territorium","[die] (hohe) See, Meer, Wasser, Kolonie, Großstadt, Stadt, Berg, Gebirge","country, land, earth, countryside, real estate, soil",https://commons.wikimedia.org/wiki/Special:FilePath/De-Land.ogg
426,19952,Ort,Substantiv,de-Ort.ogg,"Aspekt, Lage, Lokalität, Platz, Position, Punkt, Quartier, Raum, Stand, Standpunkt, Stätte, Stelle, Stellung, Unterkunft, Ansiedlung, Dorf, Flecken, Gemeinde, Gemeinwesen, Kaff, Klitsche, Kommune, Markt, Nest, Siedlung, Stadt, Stätte, Weiler, Winkel, Ortgang, Ahle, Pfriem, Himmelskoordinaten",Unort,"location, site, situation, spot, place, human settlement, settlement, inhabitant, canton, border roof at the side of the façade, point, tip, awl",https://commons.wikimedia.org/wiki/Special:FilePath/de-Ort.ogg
431,19837,Seite,Substantiv,De-Seite.ogg,"Lende, Weiche, Partei, Blickwinkel, Warte, Aspekt, Facette","Boden, Dach, Decke, Front, Heck, Rückfront","side, flank, side, page",https://commons.wikimedia.org/wiki/Special:FilePath/De-Seite.ogg
432,19748,Krieg,Substantiv,De-Krieg.ogg,"''veraltet:'' Orlog","Frieden, Waffenruhe, Waffenstillstand",war,https://commons.wikimedia.org/wiki/Special:FilePath/De-Krieg.ogg
435,19602,Woche,Substantiv,De-Woche.ogg,"acht Tage, Kindbett","Jahr, Monat, Tag, Stunde, Minute, Sekunde, Millisekunde, Mikrosekunde",week,https://commons.wikimedia.org/wiki/Special:FilePath/De-Woche.ogg
443,19218,Schatz,Substantiv,De-Schatz.ogg,"Liebling, ''siehe dazu auch:'' Verzeichnis:Deutsch/Kosewörter","","treasure, heritage, darling, sweetheart, bonds, treasure-trove",https://commons.wikimedia.org/wiki/Special:FilePath/De-Schatz.ogg
448,19020,"Spaß",Substantiv,"De-Spaß.ogg","Amüsement, Freude, Kurzweil, Vergnügen, ''österreichisch, umgangssprachlich:'' Gaudi, Jokus, Jux, Schabernack, Scherz, Streich",Langeweile,"humour, fun, amusement, entertainment, joke","https://commons.wikimedia.org/wiki/Special:FilePath/De-Spaß.ogg"
451,18800,Wiedersehen,Substantiv,De-Wiedersehen.ogg,"Wiederbegegnen, Wiedererkennen, Wiedertreffen",Nimmerwiedersehen,reunion,https://commons.wikimedia.org/wiki/Special:FilePath/De-Wiedersehen.ogg
458,18232,Bett,Substantiv,De-Bett.ogg,"{{ugs.|:}} Falle, Heia, Kiste, Koje, Nest, Federn, ''salopp:'' Furzmolle, Furzmulde, Bachbett, Flussbett; Gleisbett, Kanalbett; Gemüsebett, Reisbett, Nagelbett","Kanapee, Liege, Sofa",bed,https://commons.wikimedia.org/wiki/Special:FilePath/De-Bett.ogg
463,18163,Wort,Substantiv,De-Wort.ogg,"Ausdruck, Begriff, Lexem, Vokabel, Zeichenkette, Binärwort","Doppelwort, Halbwort, Langwort","word, term, expression",https://commons.wikimedia.org/wiki/Special:FilePath/De-Wort.ogg
464,18153,wohnen,Verb,De-wohnen.ogg,"","","live, lodge, reside, dwell, stay",https://commons.wikimedia.org/wiki/Special:FilePath/De-wohnen.ogg
468,17990,Arm,Substantiv,De-arm.ogg,"Glied, Vorderextremität, Bauteil, Baugruppe, Bestandteil, Detail, Einzelheit, Glied, Komponente, Teil, Zweig, Arbeitskraft, Glied, Helfer, Hilfsarbeiter, Hilfskraft",Bein,arm,https://commons.wikimedia.org/wiki/Special:FilePath/De-arm.ogg
470,17915,Mensch,Interjektion,"","krass, Mann ''(Ausruf),'' Männo, menno","","Gee|Gee!, gosh|Gosh|Gosh!, Blimey|Blimey!, Crikey|Crikey!",""
487,17101,Blut,Substantiv,De-Blut.ogg,"Lebenssaft, Abstammung","Fleisch, Knochen",blood,https://commons.wikimedia.org/wiki/Special:FilePath/De-Blut.ogg
505,16182,Eltern,Substantiv,De-Eltern.ogg,"Elternpaar, (die) Erzeuger; ''in der Jugendsprache:'' (die) Alten, Ernährer",Kinder,"parents, parent",https://commons.wikimedia.org/wiki/Special:FilePath/De-Eltern.ogg
525,15314,brechen,Verb,De-brechen.ogg,"durchbrechen, bersten, umlenken, („refraktieren“ - praktisch relevant nur als Substantiv Refraktion)&lt;!-- Folgende Wörter sind doch gerade kein Fall von Refraktion: reflektieren, widerspiegeln, zurückwerfen (sondern Antonyme) --&gt;, meineidig sein, untreu sein, durchbrechen, leuchten, quellen, springen, sich übergeben, speien, spucken; ''vulgär:'' kotzen, reihern, wühlen","vereinen, standhalten, durchfließen, durchlaufen, passieren, durchdringen, eindringen, transmittieren, reflektieren, zurückwerfen, spiegeln, beugen, unterliegen, in Verbindung bleiben, halten, vergehen, versinken, sterben","break, burst, breach, vomit",https://commons.wikimedia.org/wiki/Special:FilePath/De-brechen.ogg
554,14109,Hund,Eigenname,De-Hund.ogg,"","","",https://commons.wikimedia.org/wiki/Special:FilePath/De-Hund.ogg
563,13645,Feuer,Substantiv,De-Feuer.ogg,"Flamme, Brand, Feuersbrunst, Beschuss, Glanz, Schwung, Begeisterung, Leidenschaft","",fire,https://commons.wikimedia.org/wiki/Special:FilePath/De-Feuer.ogg
589,12707,Luft,Substantiv,De-Luft.ogg,"Himmel, Höhe, Stratosphäre, Zug, Brise, Lüftchen, Windhauch, Odem, Puste, Hauch, Welt, Dunstkreis, Stimmung, Spielraum","Boden, Flaute, Enge",air,https://commons.wikimedia.org/wiki/Special:FilePath/De-Luft.ogg
603,12186,Kaffee,Substantiv,De-Kaffee.ogg,"{{K|ugs.}} Schockelmei, Schockelmeirum; ''stark veraltet'': Türkentrank; ''für schwächere, magen- und herzfreundliche Zubereitungen'' {{K|sächsisch}} Blümchen, Blümchenkaffee; Lorke, Plürre, Kaffeepflanze, Vesper, Tee","Tee, Kakao",coffee,https://commons.wikimedia.org/wiki/Special:FilePath/De-Kaffee.ogg
608,12050,Erde,Substantiv,De-Erde.ogg,"Boden, Erdboden, Grund, Untergrund, Ackerboden, Erdreich, Humus, Mutterboden, Blauer Planet, Gaia, Terra, Welt ''(im engeren Sinne)'', Erdenrund, ''neuzeitlich'' Erdball, Erdkugel, Globus, ''veraltet'' Erdscheibe, Erdleitung, Festland, Land, Diesseits","Himmel, Luft, Stein, Unland, Wasser, Mond, Sonne, Stern, Meer, Ozean, Wasser, Himmel, Jenseits","floor, ground, earth, soil, earth, ground, this life, life on earth",https://commons.wikimedia.org/wiki/Special:FilePath/De-Erde.ogg
612,11919,total,Adjektiv,De-total.ogg,"ausnahmslos, durch und durch, durchweg, ganz, ganz und gar, gänzlich, hundertprozentig, komplett, restlos, voll und ganz, völlig, vollkommen, vollständig","ganz und gar nicht, keineswegs, mitnichten; teilweise, partiell","total, complete",https://commons.wikimedia.org/wiki/Special:FilePath/De-total.ogg
613,11909,Buch,Substantiv,De-Buch.ogg,"","CD, Heft, Loseblattsammlung","book, volume, ledger, script",https://commons.wikimedia.org/wiki/Special:FilePath/De-Buch.ogg
627,11687,Himmel,Substantiv,De-Himmel.ogg,"Troposphäre, Atmosphäre, Abrahams Schoß, bessere Welt, das ewige Leben, die ewige Seligkeit, die ewigen Jagdgründe, Eden, Elysium, Ewigkeit, Feste, Firmament, Gefilde der Seligen, Götterhimmel, Gottes Thron, Insel der Seligen, Jenseits, Nirwana, Olymp, Paradies, Seligkeit, All, Äther, Fixsternhimmel, Kosmos, Makrokosmos, Sternhimmel (Sternenhimmel), Sternenzelt, Unbegrenztheit, Unendlichkeit, Unermesslichkeit, Universum, Weltall, Weltraum, Zenit, Baldachin, Baldachin, Dachhimmel, Deckenbezug","Erde, Hölle, Sterne","sky, firmament, heaven, space, headliner",https://commons.wikimedia.org/wiki/Special:FilePath/De-Himmel.ogg
644,11394,Licht,Substantiv,De-Licht.ogg,"Glanz, Helligkeit, Leuchten, Schimmer, Tag, Schein, Strahl, Beleuchtungskörper, Kunstlicht, Lichtquelle, Kerze, Himmelslicht, Energie, Strom, Glanzpunkt, Höhepunkt, Auge","Dunkelheit, Finsternis, Schatten, Gas, Schlusslicht",light,https://commons.wikimedia.org/wiki/Special:FilePath/De-Licht.ogg
687,10532,Krankenhaus,Substantiv,De-Krankenhaus.ogg,"''veraltet:'' Siechenhaus, Hospital, Klinik, Klinikum, Spital","",hospital,https://commons.wikimedia.org/wiki/Special:FilePath/De-Krankenhaus.ogg
688,10528,Wohnung,Substantiv,De-Wohnung.ogg,"","","flat, apartment, accommodation, home",https://commons.wikimedia.org/wiki/Special:FilePath/De-Wohnung.ogg
700,10337,Deutsch,Substantiv,De-Deutsch.ogg,"","",German,https://commons.wikimedia.org/wiki/Special:FilePath/De-Deutsch.ogg
773,9188,Kampf,Substantiv,De-Kampf.ogg,"Blutbad, Fehde, Gefecht, Gemetzel, Hader, Händel, Krieg, Massaker, Schlacht, Clinch, Duell, Gerangel, Rauferei, Reiberei, Schlägerei, Zank, Zoff, Zwist, Partie, Rennen, Runde, Satz, Spiel, Wettkampf, Wettstreit, Aufopferung, Engagement","Friede, Frieden, Waffenruhe, Waffenstillstand","battle, combat, fight",https://commons.wikimedia.org/wiki/Special:FilePath/De-Kampf.ogg
794,8870,Tisch,Substantiv,De-Tisch.ogg,"Tafel, Tafelrunde, Tischrunde, Tischgesellschaft, Essen","Bett, Stuhl",table,https://commons.wikimedia.org/wiki/Special:FilePath/De-Tisch.ogg
802,8759,Auge,Substantiv,De-Auge.ogg,"Fettauge, Augenzahl, Punkt, Gemma, Knospe, Opäum, Opaion, Augenfleck, Scheinauge","Haut, Nase, Ohr, Zunge","eye, globule of fat, pip",https://commons.wikimedia.org/wiki/Special:FilePath/De-Auge.ogg
814,8581,Handy,Substantiv,De-Handy.ogg,"Funktelefon, Handtelefon, Mobilfunktelefon, Mobiltelefon, Taschentelefon, ''seltener:'' Cellphone, ''salopp, scherzhaft: Gurke, ''fachsprachlich:'' Funkfernsprecher, Handfunktelefon, {{nordd.}} {{ugs.|:}} Ackerschnacker, {{schweiz.}} ''auch:'' Natel, ''Namibia auch:'' Cellphone, Cell","Festnetztelefon, ISDN-Telefon, Satellitentelefon, Schnurlostelefon","handheld two-way radio, handie-talkie|Handie Talkie, handheld, hand, handy, handy|handies, cellphone, cellular, cellular phone, mobile, mobile phone, handy, hand-held transceiver, hand-portable, hand, -y, cell phone, cellphone, cell, celly, cellular mobile, cellular phone, cellular telephone, cellular, handheld cellular phone, handheld portable phone, handheld phone, handphone, mobile phone, mobile, portable cellular phone, portable, handy",https://commons.wikimedia.org/wiki/Special:FilePath/De-Handy.ogg
815,8564,rot,Adjektiv,De-rot.ogg,"","schwarz, weiß",red,https://commons.wikimedia.org/wiki/Special:FilePath/De-rot.ogg
886,7750,Raum,Substantiv,De-Raum.ogg,"Zimmer, Weltraum","","space, room, region",https://commons.wikimedia.org/wiki/Special:FilePath/De-Raum.ogg
891,7697,Monat,Substantiv,De-Monat.ogg,"''poetisch und veraltet:'' Mond","",month,https://commons.wikimedia.org/wiki/Special:FilePath/De-Monat.ogg
921,7424,Beispiel,Substantiv,De-Beispiel.ogg,"","","example, instance, model",https://commons.wikimedia.org/wiki/Special:FilePath/De-Beispiel.ogg
940,7287,Boot,Substantiv,De-Boot.ogg,"Barke, Kahn","Schiff, Batterie, Inspektion (als Ausbildungseinrichtung), Kompanie",boat,https://commons.wikimedia.org/wiki/Special:FilePath/De-Boot.ogg
971,7003,Gold,Substantiv,De-Gold.ogg,"Aurum, Goldmünze, Goldmedaille",Silber,gold,https://commons.wikimedia.org/wiki/Special:FilePath/De-Gold.ogg
975,6937,Computer,Substantiv,De-Computer.ogg,"Rechenautomat (veraltend), Elektronengehirn (veraltend), Rechner","","computer, compute, computer",https://commons.wikimedia.org/wiki/Special:FilePath/De-Computer.ogg
986,6857,Pferd,Substantiv,De-Pferd.ogg,"Gaul, Mähre, Ross, Schindmähre, Klepper, Zosse, Hafermotor, ''Kindersprache:'' Hottegaul, Hottehü, Hottemax, Hotto, ''wissenschaftlich:'' Equus caballus, Equus ferus caballus, Einhufer, ''wissenschaftlich:'' Equus, Equidae, Springer, Ross, Pauschenpferd","","horse, equidae, knight, vaulting horse",https://commons.wikimedia.org/wiki/Special:FilePath/De-Pferd.ogg
990,6830,Frieden,"Deklinierte Form","","","","",""
1037,6451,Wein,Substantiv,De-Wein.ogg,"''veredelte Rebe:'' Weinstock, Trauben, Traubenwein","","vine, raisin, grape, wine",https://commons.wikimedia.org/wiki/Special:FilePath/De-Wein.ogg
1044,6414,Nase,Substantiv,De-Nase.ogg,"Riechorgan, ''umgangssprachlich:'' Gesichtserker, Zinken, Jurke, Gewürzprüfer, Näsling","","nose, nase",https://commons.wikimedia.org/wiki/Special:FilePath/De-Nase.ogg
1046,6406,Bank,Substantiv,De-Bank.ogg,"Lage, Theke, Tresen, Auswechselbank, Ersatzbank","","bench, bed, layer, bank",https://commons.wikimedia.org/wiki/Special:FilePath/De-Bank.ogg
1053,6349,Flugzeug,Substantiv,De-Flugzeug.ogg,"{{ugs.|:}} Flieger, Maschine","Ballon, Drachen, Gleitschirm, Gyrocopter, Helikopter, Hubschrauber","airplane, aeroplane, aircraft, plane",https://commons.wikimedia.org/wiki/Special:FilePath/De-Flugzeug.ogg
1104,6019,Zeichen,Substantiv,De-Zeichen.ogg,"Andeutung, Anzeichen, Anhaltspunkt, Attribut, Ausdruck, Beleg, Beweis, Bild, Blessur, Charakteristikum, Charakterzug, Erscheinung, Fanal, Grundmotiv, Hinweis, Indikation, Leitgedanke, Mal, Marke, Merkmal, Signal, Signet, Sinnbild, Symbol, Wesenszug, Fanfare, Farbe, Fingerzeig, Gebärde, Indikator, Kennzeichnung, Markierung, Nota, Pfiff, Signum, Stempel, Verständigungsmittel, Wink, Chiffre, Code, Hieroglyphe, Jota, Letter, Piktogramm, Schriftzeichen, Sicherheitszeichen, Symbol, Ziffer ''(im Sinne von Chiffre)'', Omen, Symptom, Vorbote, Vorzeichen, Sternzeichen, Abnormität, Kuriosum, Merkwürdigkeit, Mirakel, Phänomen, Unmöglichkeit, Wunder, Signe","Sache, Bedeutung","sign, mark, character, cipher",https://commons.wikimedia.org/wiki/Special:FilePath/De-Zeichen.ogg
1109,5991,Tee,Substantiv,De-Tee.ogg,"Teestrauch, ''wissenschaftlich:'' Camellia sinensis","","tea, tea plant, infusion",https://commons.wikimedia.org/wiki/Special:FilePath/De-Tee.ogg
1144,5854,Wald,Substantiv,De-Wald.ogg,"Forst, Gehölz, Hain, Holz","Busch, Feld, Heide","forest, wood",https://commons.wikimedia.org/wiki/Special:FilePath/De-Wald.ogg
1157,5783,Schwein,Substantiv,De-Schwein.ogg,"Borstentier, Borstenvieh; ''alle umgangssprachlich:'' Grunzer, Jolanthe, Matz, Wutz, ''Präfixoide:'' arsch-, Arsch-, sau-, Sau-, hunde-, Hunde-","","pig, swine, pork",https://commons.wikimedia.org/wiki/Special:FilePath/De-Schwein.ogg
1199,5485,verbrechen,Verb,De-verbrechen.ogg,"anrichten, anstellen, ausfressen, erstellen, fabrizieren, fertigen, herstellen","","offend, do, break",https://commons.wikimedia.org/wiki/Special:FilePath/De-verbrechen.ogg
1201,5474,Freude,Substantiv,De-Freude.ogg,Hochstimmung,"Trauer, Traurigkeit, Trübsal, Trübsinn","joy, delight, happiness, gladness, bliss",https://commons.wikimedia.org/wiki/Special:FilePath/De-Freude.ogg
1230,5354,untersuchen,Verb,De-untersuchen.ogg,"","",investigate,https://commons.wikimedia.org/wiki/Special:FilePath/De-untersuchen.ogg
1288,5086,Kleid,Substantiv,De-Kleid.ogg,"","","dress, clothes",https://commons.wikimedia.org/wiki/Special:FilePath/De-Kleid.ogg
1341,4804,See,Substantiv,De-See.ogg,-see,"",lake,https://commons.wikimedia.org/wiki/Special:FilePath/De-See.ogg
1342,4803,Schloss,Substantiv,De-Schloss.ogg,"","Riegel, Schlüssel","lock, bolt, castle, palace",https://commons.wikimedia.org/wiki/Special:FilePath/De-Schloss.ogg
1350,4771,Angebot,Substantiv,De-Angebot.ogg,"Anerbieten, Bittgesuch, Kostenplan, Offerte, Ratschlag, Vorlage, Vorschlag, Anbot (österr.), Annonce, Anzeige, Ausschreibung, Inserat, Insertion, Preisvorschlag, Antrag; Offerte, {{österr.|:}} Offert, Sortiment, Ressourcen, Leistungsumfang","Annahme, Nachfrage, Mangel",offer,https://commons.wikimedia.org/wiki/Special:FilePath/De-Angebot.ogg
1432,4477,Englisch,Substantiv,De-Englisch.ogg,"Englische Eröffnung","","English, English Opening",https://commons.wikimedia.org/wiki/Special:FilePath/De-Englisch.ogg
1469,4302,Sommer,Substantiv,"De-Sommer.OGG‎‎‎","","",summer,"https://commons.wikimedia.org/wiki/Special:FilePath/De-Sommer.OGG‎‎‎"
1492,4227,Baum,Substantiv,De-Baum.ogg,"","","tree, boom",https://commons.wikimedia.org/wiki/Special:FilePath/De-Baum.ogg
1501,4206,Fisch,Substantiv,De-Fisch.ogg,"",Fleisch,"fish, Pisces",https://commons.wikimedia.org/wiki/Special:FilePath/De-Fisch.ogg
1520,4138,Stein,Toponym,De-Stein.ogg,"","","",https://commons.wikimedia.org/wiki/Special:FilePath/De-Stein.ogg
1589,3889,"Großvater",Substantiv,"De-Großvater.ogg","''süddeutsch:'' Ahn; ''westösterreichisch, Vorarlberg:'' Ähne; ''liechtensteinisch:'' Ehni, Neni; ''schweizerisch:'' Grossätti, Grosspapi","","grandfather, grandsire","https://commons.wikimedia.org/wiki/Special:FilePath/De-Großvater.ogg"
1637,3745,Frankreich,Toponym,De-Frankreich.ogg,"{{K|amtlich}} Französische Republik; ''siehe auch:'' Verzeichnis:Deutsch/Frankreich","",France,https://commons.wikimedia.org/wiki/Special:FilePath/De-Frankreich.ogg
1685,3606,Sprache,Substantiv,De-Sprache.ogg,"","","speech, language",https://commons.wikimedia.org/wiki/Special:FilePath/De-Sprache.ogg
1746,3443,Test,Substantiv,De-Test.ogg,"Erprobung, Feldversuch, Prüfung, Versuch","","test, check, test",https://commons.wikimedia.org/wiki/Special:FilePath/De-Test.ogg
1754,3431,Programm,Substantiv,De-Programm.ogg,"Anwendungsprogramm, Bot, Computerprogramm, Script/Skript, Ordnung, Plan, Fernsehsender, Hörfunksender, Sendeplan, Vorführungsplan, Manifest","","cycle, programme, program, schedule, channel",https://commons.wikimedia.org/wiki/Special:FilePath/De-Programm.ogg
1759,3416,Schatten,Substantiv,De-Schatten.ogg,"","Licht, Sonne, Einwirkungsbereich, Seele","shade, shadow",https://commons.wikimedia.org/wiki/Special:FilePath/De-Schatten.ogg
1798,3334,Million,Substantiv,De-Million.ogg,Mega-,"",million,https://commons.wikimedia.org/wiki/Special:FilePath/De-Million.ogg
1877,3145,Flughafen,Substantiv,De-Flughafen.ogg,"Airport, Flugplatz, Lufthafen; ''veraltet:'' Aerodrom","",airport,https://commons.wikimedia.org/wiki/Special:FilePath/De-Flughafen.ogg
1904,3088,Freitag,Substantiv,De-Freitag.ogg,"Rüsttag","",Friday,https://commons.wikimedia.org/wiki/Special:FilePath/De-Freitag.ogg
1914,3076,Kohle,"Deklinierte Form",De-Kohle.ogg,"","","",https://commons.wikimedia.org/wiki/Special:FilePath/De-Kohle.ogg
1922,3065,Sonntag,Toponym,"","","","",""
1984,2933,Ross,Substantiv,De-Ross.ogg,"Edelross, Pferd, Reitpferd, Gaul, Hottehü, Pferd, Springer, Dummkopf, Einfaltspinsel, Esel, Hirni, Hornochse, Idiot, Kamel, Rindvieh, Rhinozeros; ''siehe auch:'' Verzeichnis:Deutsch/Dummheit","Klepper, Mähre, Schinder, Schindmähre","horse, hurry, steed, horse, knight, idiot",https://commons.wikimedia.org/wiki/Special:FilePath/De-Ross.ogg
1986,2931,Berg,Toponym,"","","","",""
2055,2802,Montag,Substantiv,Montag.ogg,"","",Monday,https://commons.wikimedia.org/wiki/Special:FilePath/Montag.ogg
2065,2782,Brot,Substantiv,De-Brot.ogg,"Laib, Schnitte, Stulle, Bemme, Knifte; Kanten, Ränftel, Runksen, Knust oder Krumka (für das Reststück)","''die süße Variante:'' Keks, Kuchen","bread, loaf of bread, slice of bread, sandwich, living, livelihood",https://commons.wikimedia.org/wiki/Special:FilePath/De-Brot.ogg
2068,2778,"schmeißen",Verb,"De-schmeißen.ogg","etwas, mit etwas werfen, schleudern, schmettern, aufgeben &lt;small&gt;(hinschmeißen)&lt;/small&gt;, ''meist Getränke:'' spendieren, ausgeben; geben, bewerkstelligen, deichseln, hinbiegen, hinkriegen, managen, meistern, zurechtkommen","einsammeln, zurückholen, zurückbringen, holen, etwas erfolgreich durchführen, etwas aufgeben, misslingen lassen, schweißen","throw, chuck, stand, handle, deal, manage","https://commons.wikimedia.org/wiki/Special:FilePath/De-schmeißen.ogg"
2074,2769,Wetter,Substantiv,De-Wetter.ogg,"''standardsprachlich:'' Luft","","weather, air, damp",https://commons.wikimedia.org/wiki/Special:FilePath/De-Wetter.ogg
2079,2765,Deutschland,Toponym,De-Deutschland.ogg,"deutsche Nation, Gesamtdeutschland, ''amtlich seit 1949/1990:'' Bundesrepublik Deutschland; BRD; ''ironisch:'' Bunte Republik Deutschland, ''historisch:'' DDR, Deutsche Demokratische Republik, Deutscher Bund, Deutsches Kaiserreich, Deutsches Reich, Germanien","",Germany,https://commons.wikimedia.org/wiki/Special:FilePath/De-Deutschland.ogg
2149,2657,Samstag,Substantiv,Samstag.ogg,Sonnabend,"",Saturday,https://commons.wikimedia.org/wiki/Special:FilePath/Samstag.ogg
2208,2575,Zelle,Substantiv,De-Zelle.ogg,"Kabine, Klause, Team, Zirkel, Flugzeugzelle; ''allgemeiner:'' Fahrzeugzelle","","cell, radio cell",https://commons.wikimedia.org/wiki/Special:FilePath/De-Zelle.ogg
2287,2466,Kuh,Substantiv,De-Kuh.ogg,"","Bulle, Färse, Kalb, Stier",cow,https://commons.wikimedia.org/wiki/Special:FilePath/De-Kuh.ogg
2319,2414,Quelle,Substantiv,De-Quelle.ogg,"","Mündung, Senke, Ziel","spring, source, fountain",https://commons.wikimedia.org/wiki/Special:FilePath/De-Quelle.ogg
2330,2400,April,Substantiv,De-April.ogg,"Vierter, ''veraltet:'' Launing, Grasmond, Ostermonat, Ostermond, Wandelmonat","Januar/Jänner, Februar/Feber, März, Mai, Juni, Juli, August, September, Oktober, November, Dezember",April,https://commons.wikimedia.org/wiki/Special:FilePath/De-April.ogg
2417,2269,Schrank,Substantiv,De-Schrank.ogg,"Kasten, Möbel, Schapp, Kleiderschrank","Truhe, Fips, Knirps, Wicht, Hänfling","cupboard, closet, cabinet",https://commons.wikimedia.org/wiki/Special:FilePath/De-Schrank.ogg
2513,2153,zerbrechen,Verb,De-zerbrechen.ogg,zersplittern,reparieren,break,https://commons.wikimedia.org/wiki/Special:FilePath/De-zerbrechen.ogg
2605,2060,Hammer,Adjektiv,"","","",Hamm,""
2610,2057,Tasse,Substantiv,De-Tasse.ogg,Obertasse,"",cup,https://commons.wikimedia.org/wiki/Special:FilePath/De-Tasse.ogg
2736,1946,Applaus,Substantiv,De-Applaus.ogg,"Akklamation, Anerkennung, Anklang, Beifall, Echo, Glückwunsch, Gratulation, Händeklatschen, Huldigung, Jubel, Klatschen, Laudatio, Lob, Ovation, Tusch, Zuruf",Buhruf,applause,https://commons.wikimedia.org/wiki/Special:FilePath/De-Applaus.ogg
2793,1905,Gelb,Substantiv,De-gelb.ogg,"Gelbton, Gelbe Karte, Eigelb, Dotter, Gelbes","Weiß; Blau, Braun, Grau, Grün, Magenta, Orange, Rosa, Schwarz, Türkis, Violett, Zyan","yellow, yolk",https://commons.wikimedia.org/wiki/Special:FilePath/De-gelb.ogg
2840,1871,Donnerstag,Substantiv,De-Donnerstag.ogg,"","",Thursday,https://commons.wikimedia.org/wiki/Special:FilePath/De-Donnerstag.ogg
2854,1859,Dienstag,Substantiv,De-Dienstag.ogg,"Ergetag, Erchtag","",Tuesday,https://commons.wikimedia.org/wiki/Special:FilePath/De-Dienstag.ogg
2893,1820,einbrechen,Verb,De-einbrechen.ogg,"eindringen, durchbrechen, einreiten, zureiten, zusammenfallen, schwächeln, abbauen, beginnen, anfangen, dämmern",ausbrechen,"break in, slide, crack, break down",https://commons.wikimedia.org/wiki/Special:FilePath/De-einbrechen.ogg
2906,1809,Afrika,Toponym,De-Afrika.ogg,"der schwarze Erdteil, der schwarze Kontinent","Amerika, Asien, Australien, Antarktis, Europa",Africa,https://commons.wikimedia.org/wiki/Special:FilePath/De-Afrika.ogg
2929,1794,abbrechen,Verb,De-abbrechen.ogg,"aufgeben, aufhören, aufkündigen, auflösen, aufstecken, einhalten, einstellen, halten, sein lassen, abreißen, abtragen, einreißen, niederreißen, verstummen","zusammenfügen, wiederaufnehmen, weiterführen, abschließen","break off, stop, cancel, strike, disrupt, cease, discontinue, abort, pull down, tear down, demolish, wreck, withdraw",https://commons.wikimedia.org/wiki/Special:FilePath/De-abbrechen.ogg
2948,1778,Japan,Toponym,De-Japan.ogg,"Land der aufgehenden Sonne (''seltener'' Nihon, Nippon)","",Japan,https://commons.wikimedia.org/wiki/Special:FilePath/De-Japan.ogg
2971,1758,Figur,Substantiv,De-Figur.ogg,"Gestalt, Physiognomie, Wuchs, Gliederpuppe, Marionette, Modell, Puppe, Bildwerk, Plastik, Skulptur, Abbildung, Illustration, Autorität, Boss, Diener, Führer, Herrscher, Leiter, Loser, Untertan, Verlierer, Übung, Klangfigur, Redefigur, Satzfigur, Stilfigur, Dekor, Schnörkel, Zierrat, Arschgesicht, Gestalt, Schießbudenfigur, Typ, Type, Vogel","Gang, Gesicht, Gesichtsausdruck, Haltung, Körperhaltung, Körpersprache, Miene, Zug, Bauer","figure, piece",https://commons.wikimedia.org/wiki/Special:FilePath/De-Figur.ogg
2998,1729,Rauch,Substantiv,De-Rauch.ogg,"Abgase, Brodem, Dampf, Dunst, Qualm, Schmauch, Schwaden, Schwängerung, Wrasen, blauer Dunst","Feuer, Nebel, rauchfrei, rauchlos","reek, smoke, fume",https://commons.wikimedia.org/wiki/Special:FilePath/De-Rauch.ogg
3031,1706,Mai,Substantiv,De-Mai.ogg,"Fünfter, ''poetisch:'' Wonnemonat, Wonnemond","Januar/Jänner, Februar/Feber, März, April, Juni, Juli, August, September, Oktober, November, Dezember",May,https://commons.wikimedia.org/wiki/Special:FilePath/De-Mai.ogg
3203,1592,aufbrechen,Verb,De-aufbrechen.ogg,"","schließen, verschließen, an etwas festhalten, sich an etwas klammern, sich schließen, verschließen, bleiben, verweilen","open, break, force, start, leave",https://commons.wikimedia.org/wiki/Special:FilePath/De-aufbrechen.ogg
3299,1529,Juli,Substantiv,De-Juli.ogg,"Julei, Siebter, Honigmonat, Beerenmonat; ''veraltet:'' Heuert, Heuet, Heumonat, Heumond","Januar/Jänner, Februar/Feber, März, April, Mai, Juni, August, September, Oktober, November, Dezember",July,https://commons.wikimedia.org/wiki/Special:FilePath/De-Juli.ogg
3332,1508,Spanien,Toponym,De-Spanien.ogg,"''amtlich:'' Königreich Spanien","",Spain,https://commons.wikimedia.org/wiki/Special:FilePath/De-Spanien.ogg
3399,1475,ausbrechen,Verb,De-ausbrechen.ogg,"befreien, fliehen, anfangen, auskotzen, erbrechen, rauswürgen, entfernen, abbrechen","bleiben, beenden","break out, escape, vomit, break away",https://commons.wikimedia.org/wiki/Special:FilePath/De-ausbrechen.ogg
3420,1463,Friedhof,Substantiv,De-Friedhof.ogg,"Begräbnisplatz, Gottesacker, Kirchhof, Totenacker","Kreißsaal","cemetery, graveyard",https://commons.wikimedia.org/wiki/Special:FilePath/De-Friedhof.ogg
3587,1380,Paket,Substantiv,De-Paket.ogg,"Ballen, Behälter, Behältnis, Bund, Bündel, Knäuel, Konvolut, Pack, Packen, Stapel, Stoß, Frachtgut, Gütersendung, Postgut, Postsendung, Korb","","packet, package",https://commons.wikimedia.org/wiki/Special:FilePath/De-Paket.ogg
3593,1378,September,Substantiv,De-September.ogg,"Neunter, ''veraltet:'' Scheiding","Januar/Jänner, Februar/Feber, März, April, Mai, Juni, Juli, August, Oktober, November, Dezember",September,https://commons.wikimedia.org/wiki/Special:FilePath/De-September.ogg
3598,1375,Japanisch,Substantiv,De-Japanisch.ogg,"","",Japanese,https://commons.wikimedia.org/wiki/Special:FilePath/De-Japanisch.ogg
3678,1335,Juni,Substantiv,De-Juni.ogg,"Juno, Sechster, Rosenmonat, ''veraltet:'' Brachet, Brachmond, Brachmonat, Rosenmond","Januar/Jänner, Februar/Feber, März, April, Mai, Juli, August, September, Oktober, November, Dezember",June,https://commons.wikimedia.org/wiki/Special:FilePath/De-Juni.ogg
3686,1332,Mittwoch,Substantiv,De-Mittwoch.oga,"''landschaftlich, veraltet:'' Wodanstag, Wotanstag, Wodenstag","",Wednesday,https://commons.wikimedia.org/wiki/Special:FilePath/De-Mittwoch.oga
3702,1324,Salz,Substantiv,De-Salz.ogg,"Kochsalz, Speisesalz, Tafelsalz, Natriumchlorid, ''siehe auch:'' Verzeichnis:Deutsch/Essen und Trinken/Küchenkräuter und Gewürze","Pfeffer, Zucker","salt, sal",https://commons.wikimedia.org/wiki/Special:FilePath/De-Salz.ogg
3796,1279,Mars,Eigenname,De-Mars.ogg,"Ares ''(griechische Bezeichnung)'', Roter Planet",Venus,Mars,https://commons.wikimedia.org/wiki/Special:FilePath/De-Mars.ogg
3797,1278,Maus,Substantiv,De-Maus.ogg,"Hausmaus, Computermaus, PC-Maus, Personalcomputermaus, ''siehe dazu auch:'' Verzeichnis:Deutsch/Kosewörter, ''siehe dazu auch:'' Verzeichnis:Deutsch/Geld, Muskel, (Mehrzahl, {{ugs.|:}}) Muckis","Katze, Scratchpad, Tastatur, Touchpad",mouse,https://commons.wikimedia.org/wiki/Special:FilePath/De-Maus.ogg
3800,1277,Daumen,Substantiv,De-Daumen.ogg,"''Medizin, fachsprachlich:'' Pollex","Zeigefinger, Mittelfinger, Ringfinger, kleiner Finger, Zeh",thumb,https://commons.wikimedia.org/wiki/Special:FilePath/De-Daumen.ogg
3859,1246,Rand,Substantiv,De-Rand.ogg,"Gosche, Gusche, Klappe","","edge, brim, rim, verge, margin",https://commons.wikimedia.org/wiki/Special:FilePath/De-Rand.ogg
3971,1196,Bahn,Substantiv,De-Bahn.ogg,"Kurs, Richtung, Strecke, Geleise, Gleis, Spur, Straße, Piste, Tram, Zug, DB, Streifen, Ader, Mark, Reizleitungssystem, Vene","Punkt, Ungebahntes, Bus, KFZ","path, way, lane, track, run, railway, train, length, strip, face, orbit",https://commons.wikimedia.org/wiki/Special:FilePath/De-Bahn.ogg
4059,1163,Oktober,Substantiv,De-Oktober.ogg,"Gilbhart, Rosenkranzmonat, Weinmonat","Januar/Jänner, Februar/Feber, März, April, Mai, Juni, Juli, August, September, November, Dezember",October,https://commons.wikimedia.org/wiki/Special:FilePath/De-Oktober.ogg
4082,1153,Japaner,Substantiv,De-Japaner.ogg,"Japanese, ''veraltet: Japaneser, {{abw.|:}} Japse",Nichtjapaner,Japanese,https://commons.wikimedia.org/wiki/Special:FilePath/De-Japaner.ogg
4125,1137,"Frühling",Substantiv,"De-Frühling.OGG‎‎‎","Frühjahr, Lenz","Sommer, Herbst, Winter","spring, springtime","https://commons.wikimedia.org/wiki/Special:FilePath/De-Frühling.OGG‎‎‎"
4169,1121,Eigentum,Substantiv,De-Eigentum.ogg,"Besitz {{ugs.}}, Bestand, Dominium, Effekten, Eigen, Gut, Grund und Boden, Hab und Gut, Habe, Habseligkeiten, Vermögen, Sachwerte, Vorrat",Leihgabe,"property, ownership, title",https://commons.wikimedia.org/wiki/Special:FilePath/De-Eigentum.ogg
4406,1041,Fuchs,Substantiv,De-Fuchs.ogg,"''in der Fabel:'' Reineke, Fuchsrüde, Fuchspelz, Pfiffikus, Schlaufuchs, Goldmünze, Rekrut, Schulterglatze","Aktiver, Alter Herr, Bursche, Inaktiver, Entlassungssoldat; ''umgangssprachlich:'' Abgänger, Ausscheider","fox, chestnut, sorrel, sly old fox, cunning, wily, freshman, smoke flue",https://commons.wikimedia.org/wiki/Special:FilePath/De-Fuchs.ogg
4413,1038,Polen,Toponym,De-Polen.ogg,"''amtlich:'' Republik Polen, ''ehemals, amtlich:'' Volksrepublik Polen","",Poland,https://commons.wikimedia.org/wiki/Special:FilePath/De-Polen.ogg
4415,1038,Dezember,Substantiv,De-Dezember.ogg,"''veraltet:'' Julmond","Januar/Jänner, Februar/Feber, März, April, Mai, Juni, Juli, August, September, Oktober, November",December,https://commons.wikimedia.org/wiki/Special:FilePath/De-Dezember.ogg
4520,1002,Apfel,Substantiv,De-Apfel.ogg,"","","apple, apple tree",https://commons.wikimedia.org/wiki/Special:FilePath/De-Apfel.ogg
4547,994,Hahn,Toponym,"","","","",""
4553,992,"Grundstück",Substantiv,"De-Grundstück.ogg","Parzelle, Liegenschaft, Grund, Anwesen","","land, site, estate, parcel, realty, lot, plot","https://commons.wikimedia.org/wiki/Special:FilePath/De-Grundstück.ogg"
4561,990,November,Substantiv,De-November.ogg,"der Elfte, ''veraltet:'' Windmond, Nebelung","Januar/Jänner, Februar/Feber, März, April, Mai, Juni, Juli, August, September, Oktober, Dezember",November,https://commons.wikimedia.org/wiki/Special:FilePath/De-November.ogg
4590,984,Schach,Substantiv,De-Schach.ogg,"das königliche Spiel, Schachspiel, Schachgebot","","chess, check",https://commons.wikimedia.org/wiki/Special:FilePath/De-Schach.ogg
4627,974,"März",Substantiv,"De-März.ogg","Dritter, ''veraltet:'' Lenzing, Frühlingsmonat","Januar/Jänner, Februar/Feber, April, Mai, Juni, Juli, August, September, Oktober, November, Dezember",March,"https://commons.wikimedia.org/wiki/Special:FilePath/De-März.ogg"
4662,964,Schweiz,Toponym,De-Schweiz.ogg,"Helvetia, Helvetien; ''amtlich:'' Schweizerische Eidgenossenschaft","",Switzerland,https://commons.wikimedia.org/wiki/Special:FilePath/De-Schweiz.ogg
4673,960,Herbst,Substantiv,"De-Herbst.OGG‎‎‎‎","","","autumn, fall","https://commons.wikimedia.org/wiki/Special:FilePath/De-Herbst.OGG‎‎‎‎"
4730,946,Umschlag,Substantiv,De-Umschlag.ogg,"Kuvert, Wickel, Kompresse, Güterumschlag, Warenumschlag, Umschwung, Einband, Buchumschlag","","envelope, compress, poultice, turnover, transshipment, turn, jacket",https://commons.wikimedia.org/wiki/Special:FilePath/De-Umschlag.ogg
4801,927,Banken,"Deklinierte Form",De-Banken.ogg,"","","",https://commons.wikimedia.org/wiki/Special:FilePath/De-Banken.ogg
4807,926,Ufer,Substantiv,De-Ufer.ogg,"","","bank, shore",https://commons.wikimedia.org/wiki/Special:FilePath/De-Ufer.ogg
4877,910,Burg,Substantiv,De-Burg.ogg,"Bastion, Befestigung, Bollwerk, Felsennest, Feste, Kastell, Pfalz, Raubnest, Raubschloss, Refugium, Warte, Zitadelle","Graben, Turm, Wall","castle, citadel, lodge",https://commons.wikimedia.org/wiki/Special:FilePath/De-Burg.ogg
4914,898,Januar,Substantiv,De-Januar.ogg,"{{österr.|,}} ''sonst seltener'' {{südd.}} ''sowie'' {{schweiz.}} ''mundartlich:'' Jänner, {{va.|:}} Eismonat/Eismond, Hartmonat/Hartmond, Hartung, Schneemonat/Schneemond, Wintermonat/Wintermond","Februar/Feber, März, April, Mai, Juni/Juno, Juli/Julei, August, September, Oktober, November, Dezember",January,https://commons.wikimedia.org/wiki/Special:FilePath/De-Januar.ogg
5279,817,Februar,Substantiv,De-Februar.ogg,"{{österr.}} ''formell, besonders amtssprachlich , sonst bundesdeutsch'' {{landsch.}} ''(mitteldeutsch: vor allem rheinfränkisch; oberdeutsch: schwäbisch), seltener'' {{schweiz.}} ''mundartlich, Italien (Südtirol regional), Nordamerika (Pennsylvaniadeutsch selten):'' Feber, {{va.|,}} ''sonst noch'' {{landsch.|:}} Hornung, Sporkel/Spörkel/Spürkel, {{va.|:}} Narrenmond, Schmelzmond, Taumonat/Taumond","Januar/Jänner, März, April, Mai, Juni/Juno, Juli/Julei, August, September, Oktober, November, Dezember",February,https://commons.wikimedia.org/wiki/Special:FilePath/De-Februar.ogg
5281,817,Muschi,Substantiv,De-Muschi.ogg,"","","pussy, pussy-cat, pussy",https://commons.wikimedia.org/wiki/Special:FilePath/De-Muschi.ogg
5466,782,"Löwe",Substantiv,"De-Löwe.ogg","''poetisch:'' Leu; ''gehoben:'' König der Wüste, Wüstenkönig; ''in der Fabel:'' König der Tiere, Nobel","''Liste der 87 weiteren Sternbilder siehe:'' {{Wikipedia|Sternbild#Liste der 88 Sternbilder}}","lion, Leo, Lion","https://commons.wikimedia.org/wiki/Special:FilePath/De-Löwe.ogg"
5499,776,Feuerwehr,Substantiv,De-Feuerwehr.ogg,"Brandschutz, Brandwache, Feuerlöschtruppe, ''veraltet:'' Feuerpolizei, Feuerlöschzug, Feuerspritze, Feuerwehrauto, ''kindersprachl.:'' Tatütata","","fire department, fire brigade, firefighter",https://commons.wikimedia.org/wiki/Special:FilePath/De-Feuerwehr.ogg
5509,774,inwiefern,Adverb,De-inwiefern.ogg,"inwieweit, warum, weshalb, weswegen, wieso, wofür, woher, wozu; in welchem Maße","","in what way, to what extent",https://commons.wikimedia.org/wiki/Special:FilePath/De-inwiefern.ogg
5537,770,Maler,Substantiv,De-Maler.ogg,"Kunstmaler, Anstreicher, Tapezierer, Tüncher, Weißer","","painter, artist",https://commons.wikimedia.org/wiki/Special:FilePath/De-Maler.ogg
5689,742,Keks,Substantiv,De-Keks.ogg,"Biskuit, Plätzchen","","biscuit, cookie",https://commons.wikimedia.org/wiki/Special:FilePath/De-Keks.ogg
5881,706,wa,Partikel,De-wa.ogg,"''standardsprachlich:'' gelt es?, gilt es?, habe ich recht?, nicht wahr?, stimmt es?","","",https://commons.wikimedia.org/wiki/Special:FilePath/De-wa.ogg
6031,681,winken,Verb,De-winken.ogg,"","","beck, wave, expect",https://commons.wikimedia.org/wiki/Special:FilePath/De-winken.ogg
6276,648,Notiz,Substantiv,De-Notiz.ogg,"Nachricht, Meldung, Notierung","",note,https://commons.wikimedia.org/wiki/Special:FilePath/De-Notiz.ogg
6287,646,Geschlecht,Substantiv,De-Geschlecht.ogg,"Sex, Sexus, Geschlechtsteil, Genital, Schlag, Art, Abteilung, Gattung, Sippe, Abstammung, Dynastie, Familie, Geblüt, Generation, Haus, Herkunft, Sippe, Sippschaft, Stamm, Ursprung, Verwandtschaft, Genus, Generation, Menschenalter",Geschlechtslosigkeit,"gender, sex, kind, family, generation",https://commons.wikimedia.org/wiki/Special:FilePath/De-Geschlecht.ogg
6344,636,"türkisch",Adjektiv,"De-Türkisch.ogg","","",Turkish,"https://commons.wikimedia.org/wiki/Special:FilePath/De-Türkisch.ogg"
6373,632,Hannibal,Eigenname,De-Hannibal.ogg,"","",Hannibal,https://commons.wikimedia.org/wiki/Special:FilePath/De-Hannibal.ogg
6468,617,Maulwurf,Substantiv,De-Maulwurf.ogg,"''wissenschaftlich:'' ''Talpa europaea'', ''scherzhaft:'' Mundschmiss, Schermaus, Perspektivagent, Schläfer","","mow, mole",https://commons.wikimedia.org/wiki/Special:FilePath/De-Maulwurf.ogg
6491,615,Software,Substantiv,De-Software.ogg,"''umgangssprachlich:'' Programme",Hardware,"soft, ware, software",https://commons.wikimedia.org/wiki/Special:FilePath/De-Software.ogg
6523,611,Bildung,Substantiv,De-Bildung.ogg,Formation,"Rückentwicklung, Verbildung, Zerstörung, Zurückbildung","formation, development, creation, establishment",https://commons.wikimedia.org/wiki/Special:FilePath/De-Bildung.ogg
6603,600,Chemie,Substantiv,De-Chemie.ogg,"Lehre von den Stoffen, Stofflehre, Scheidekunst, Zusammenleben, Interaktion; Psychologie: Rapport, Kontingenz","","chemistry, attunement",https://commons.wikimedia.org/wiki/Special:FilePath/De-Chemie.ogg
6645,594,Note,Substantiv,De-Note.ogg,"Musikzeichen, Tonzeichen, Klavierauszug, Musiknoten, Partitur, Stimme, Beurteilungsergebnis, Beurteilung, Bewertung, Prädikat, Prüfungsurteil, Zensur, Geldschein, Papiergeld, Zahlungsmittel, Benachrichtigung, Brief, Dokument, Mitteilung, Schreiben, Schriftstück, Zeilen, Art, Attribut, Besonderheit, Charakteristikum, Eigenart, Eigenheit, Eigenschaft, Eigentümlichkeit, Eigenwilligkeit, Einmaligkeit, Einzelheit, Grundzug, Kennzeichen, Kriterium, Merkmal, Originalität, Prädikat, Prägung, Seite, Wesen, Zug","Pause, Münze","note, music, grade, mark, note verbale, note",https://commons.wikimedia.org/wiki/Special:FilePath/De-Note.ogg
6747,582,Taschentuch,Substantiv,"De-Taschentuch.ogg ","Tempo; ''derb:'' Rotzfahne; ''veraltend:'' Schnupftuch; ''süddeutsch, schweizerisch:'' Nastuch; ''süddeutsch, österreichisch umgangssprachlich:'' Sacktuch; ''bayrisch, österreichisch veraltend:'' Schnäuztuch","","handkerchief, hanky","https://commons.wikimedia.org/wiki/Special:FilePath/De-Taschentuch.ogg "
6824,573,Gewitter,Substantiv,De-Gewitter.ogg,"Sturmwetter, Unwetter, Wetterleuchten, Auseinandersetzung, Denkzettel, Ereignis, Maßregelung, Streit, Unfrieden, Zank, Zurechtweisung","Schönwetter, Kaiserwetter",thunderstorm,https://commons.wikimedia.org/wiki/Special:FilePath/De-Gewitter.ogg
6987,554,Schlamm,Substantiv,De-Schlamm.ogg,"","","sludge, mud, slush",https://commons.wikimedia.org/wiki/Special:FilePath/De-Schlamm.ogg
7100,543,Mathematik,Substantiv,De-Mathematik.ogg,"''ältere Begriffe:'' Größenlehre&lt;ref name=&quot;Physic. WB&quot;&gt;[http://archimedes.mpiwg-berlin.mpg.de/cgi-bin/archim/dict/hw?lemma=Mathematik,%20Gr%C3%B6%C3%9Fenlehre&amp;step=entry&amp;id=d008 Physicalisches Wörterbuch, Gehler, J. S. T., Mathematik, Größenlehre]&lt;/ref&gt;, Mathesis&lt;ref name=&quot;Physic. WB&quot; /&gt;, Mathese&lt;ref&gt;Brockhaus' Kleines Konversations-Lexikon, fünfte Auflage, Band 2. Leipzig 1911., S. 146. Zitat: „Mathĕsis (grch.), Mathēse, die Mathematik.“&lt;/ref&gt;","",mathematics,https://commons.wikimedia.org/wiki/Special:FilePath/De-Mathematik.ogg
7192,534,Rechtsanwalt,Substantiv,De-Rechtsanwalt.ogg,"Anwalt, Advokat, Verteidiger, Rechtsbeistand","Jurist ohne Zulassung zur Rechtsanwaltschaft (angestellter Jurist in einem Unternehmen oder in der öffentlichen Verwaltung; Richter), juristischer Laie","lawyer, barrister, attorney, advocate, solicitor",https://commons.wikimedia.org/wiki/Special:FilePath/De-Rechtsanwalt.ogg
7210,532,Eisenbahn,Substantiv,De-Eisenbahn.ogg,Bahn,"","railway, railroad",https://commons.wikimedia.org/wiki/Special:FilePath/De-Eisenbahn.ogg
7264,527,Bruch,Substantiv,De-Bruch.ogg,"Abspaltung, Abteilung, Abtrennung, Bresche, Dissens, Distanz, Ehescheidung, Einschnitt, Entzweiung, Fuge, Furche, Leck, Lockerung, Lücke, Narbe, Panne, Pass, Mulde, Riss, Ritze, Sabotage, Scheidung, Schisma, Spalt, Spalte, Spaltung, Sprung, Trennung, Umschlag, Umwälzung, Unterbrechung, Verfeindung, Zäsur, Zerwürfnis, Zwischenraum, Fraktur, Knacks, Knochenbruch, Verletzung, Hernie, Fahrlässigkeit, Fehler, Fehltritt, Fehlverhalten, Meinungsverschiedenheit, Krach, Nichtbeachtung, Nichtbefolgung, Nichterfüllung, Verfehlung, Pflichtvergessenheit, Renitenz, Ungehorsam, Saumseligkeit, Übertretung, Unterlassung, Untreue, Verletzung, Versäumnis, Abkehr, Streit, Feindschaft, Feindseligkeit, Gezänk, Hader, Händel, Hass, Lossagung, Lösung, Ungehorsam, Widerspenstigkeit, Zuwiderhandlung, Abfall, Ausschuss, Bauschutt, Kehricht, Plunder, Ramsch, Sachbeschädigung, Sachschaden, Restmüll, Schleuderware, Zerbrochenes, Falz, Knitter, Knick, Kniff, Klamm, Verwerfung, Canyon, Bruchteil, Bruchzahl, Quotient, rationale Zahl, Einbruch, Hose, Beinkleid","Einung, Treue, Bruchlosigkeit, Verbindlichkeit, Ware, Ebene, Fläche, Produkt, Ganzzahl, irrationale Zahl","break, rupture, breach, broken bone, fracture, hernia, breaking-off, infringement, violation, breakage, scrap, fault, rift, quarry, fraction",https://commons.wikimedia.org/wiki/Special:FilePath/De-Bruch.ogg
7270,526,Jahreszeit,Substantiv,De-Jahreszeit.ogg,Saison,"",season,https://commons.wikimedia.org/wiki/Special:FilePath/De-Jahreszeit.ogg
7756,480,Gabel,Substantiv,De-Gabel.ogg,"Astgabel, Gabelung, Verzweigung, Zweiggabel, Forke","Löffel, Messer",fork,https://commons.wikimedia.org/wiki/Special:FilePath/De-Gabel.ogg
7791,477,Hengst,Substantiv,De-Hengst.ogg,"","Stute, Wallach","stallion, stud",https://commons.wikimedia.org/wiki/Special:FilePath/De-Hengst.ogg
7924,466,Milliarde,Substantiv,De-at-Milliarde.ogg,"1.000 Millionen","","milliard, billion",https://commons.wikimedia.org/wiki/Special:FilePath/De-at-Milliarde.ogg
7964,462,Ballett,Substantiv,De-Ballett.ogg,"Corps de Ballet, Tanz","",ballet,https://commons.wikimedia.org/wiki/Special:FilePath/De-Ballett.ogg
8020,457,Biene,Substantiv,De-Biene.ogg,"Imme, Mädchen","","bee, honeybee, drone",https://commons.wikimedia.org/wiki/Special:FilePath/De-Biene.ogg
8366,429,Zitrone,Substantiv,De-Zitrone.ogg,"Limone, Zitronenfrucht, ''veraltet:'' Zedernapfel, Zitronenbaum","Apfelsine, Grapefruit, Mandarine, Orange","lemon, lemon tree",https://commons.wikimedia.org/wiki/Special:FilePath/De-Zitrone.ogg
8637,409,Adrenalin,Substantiv,De-Adrenalin.ogg,"British Approved Name (BAN): epinephrine&lt;ref name=&quot;Review&quot; /&gt;","","epinephrine, adrenaline",https://commons.wikimedia.org/wiki/Special:FilePath/De-Adrenalin.ogg
9208,371,"Aufklärung",Substantiv,"De-Aufklärung.ogg","Auskunft, Aussprache, Bekanntgabe, Belehrung, Dreh, Einblick, Einsicht, Ermittlung, Information, Offenbarung, Offenlegung, Schlüssel, Schulung, Unterrichtung, Agitation, Agnostizismus, Atheismus, Darwinismus, Evolution, Fortschritt, Skepsis, Skeptizismus, Unglaube, Aufdeckung, Ausgrabung, Auskundschaften, Enthüllung, Entlarvung, Entschleierung, Erkundung, Nachrichtentechnik, Spionage, Sondierung","Nichtaufklärung, Ungewissheit, Verklärung, Zweifel, Gegenaufklärung, Mittelalter, Romantik, Antiaufklärung, Propaganda, Verheimlichung","clearing up, explanation, solving, enlightenment, clarification, Enlightenment, reconnaissance, spying, espionage","https://commons.wikimedia.org/wiki/Special:FilePath/De-Aufklärung.ogg"
9277,367,Abtreibung,Substantiv,De-Abtreibung.ogg,"Abtreiben, Schwangerschaftsabbruch, Schwangerschaftsunterbrechung ''(veraltet)''","",abortion,https://commons.wikimedia.org/wiki/Special:FilePath/De-Abtreibung.ogg
9593,349,"Türkei",Toponym,"De-Türkei.ogg","''amtlich:'' Republik Türkei","",Turkey,"https://commons.wikimedia.org/wiki/Special:FilePath/De-Türkei.ogg"
9676,345,Biologie,Substantiv,De-Biologie.OGG,"Naturkunde, Naturlehre","",biology,https://commons.wikimedia.org/wiki/Special:FilePath/De-Biologie.OGG
9868,335,Islam,Substantiv,De-Islam.ogg,"{{va.|:}} Mohammedanismus, Mohammedanertum","''aus islamischer Sicht:'' Kufr, Schirk, Unglaube",Islam,https://commons.wikimedia.org/wiki/Special:FilePath/De-Islam.ogg
10504,306,Leuchtturm,Substantiv,De-Leuchtturm.ogg,"","Boje, Feuerschiff",lighthouse,https://commons.wikimedia.org/wiki/Special:FilePath/De-Leuchtturm.ogg
11032,285,Hypnose,Substantiv,De-Hypnose.ogg,"","",hypnosis,https://commons.wikimedia.org/wiki/Special:FilePath/De-Hypnose.ogg
11436,269,Springer,Substantiv,De-Springer.ogg,"Pferd, Ross, Rössel","Bauer, Läufer, Turm, Dame, König","jumper, knight, spare, stand-by",https://commons.wikimedia.org/wiki/Special:FilePath/De-Springer.ogg
11452,269,Einhorn,Substantiv,de-Einhorn.ogg,Monoceros,"","unicorn, Unicorn",https://commons.wikimedia.org/wiki/Special:FilePath/de-Einhorn.ogg
11517,266,"vulgär",Adjektiv,"De-vulgär.ogg","","edel, fein, vornehm",vulgar,"https://commons.wikimedia.org/wiki/Special:FilePath/De-vulgär.ogg"
11662,262,Athen,Toponym,De-Athen.ogg,"","",Athens,https://commons.wikimedia.org/wiki/Special:FilePath/De-Athen.ogg
12037,249,Kartoffel,Substantiv,De-Kartoffel.ogg,"''meist regional/dialektal:'' Arpern, Bramburi, Bulwe, Erdapfel, Erdbirne, Grundbeere, Grundbirne, Knolle, Pudel&lt;!-- hier nur die Grundworte --&gt; — siehe unten: Dialektausdrücke, Kartoffelknolle, Kartoffelnase, Knollennase, Zwiebel, Kuhloch","",potato,https://commons.wikimedia.org/wiki/Special:FilePath/De-Kartoffel.ogg
12123,247,"Mücke",Toponym,"De-Mücke.ogg","","","Mücke","https://commons.wikimedia.org/wiki/Special:FilePath/De-Mücke.ogg"
12218,244,Arterie,Substantiv,De-Arterie.ogg,"Pulsader, Schlagader",Vene,artery,https://commons.wikimedia.org/wiki/Special:FilePath/De-Arterie.ogg
12423,238,"Wörterbuch",Substantiv,"De-Wörterbuch.ogg","''manchmal auch:'' Diktionär, Enzyklopädie, Lexikon, Thesaurus","Bibliographie, Einführung",dictionary,"https://commons.wikimedia.org/wiki/Special:FilePath/De-Wörterbuch.ogg"
12457,237,Gaul,Substantiv,De-Gaul.ogg,"Klepper, Mähre, Schindmähre, Pferd","",nag,https://commons.wikimedia.org/wiki/Special:FilePath/De-Gaul.ogg
12600,232,Sanatorium,Substantiv,De-Sanatorium.ogg,Heilanstalt,"",sanatorium,https://commons.wikimedia.org/wiki/Special:FilePath/De-Sanatorium.ogg
13417,211,Schimmel,Substantiv,De-Schimmel.ogg,"","Fuchs, Rappe, Brauner, Falbe","white horse, gray horse",https://commons.wikimedia.org/wiki/Special:FilePath/De-Schimmel.ogg
13498,209,Stute,Substantiv,De-Stute.ogg,"Mähre","",mare,https://commons.wikimedia.org/wiki/Special:FilePath/De-Stute.ogg
13608,206,Aas,"Deklinierte Form","","","","",""
13631,206,Zebra,Substantiv,De-Zebra.ogg,"''veraltet:'' Tigerpferd, Tigerross","",zebra,https://commons.wikimedia.org/wiki/Special:FilePath/De-Zebra.ogg
13668,205,"Straßenbahn",Substantiv,"De-Straßenbahn.ogg","Zug, ''umgangssprachlich'' Bim (''regional''), Elektrische, ''scherzhaft'' Lumpensammler, Proletenschaukel","","tram, streetcar, tramway","https://commons.wikimedia.org/wiki/Special:FilePath/De-Straßenbahn.ogg"
13981,197,Cabrio,Substantiv,De-Cabrio.ogg,"Cabriolet, Kabriolett (selten)","Coupe, Geländewagen, Lieferwagen, Limousine, Kleinwagen, Kombi, Pickup (auch Pick-up), Sportwagen, Supersportwagen, SUV (Sports Utility Vehicle), Van","cabriolet, convertible, convertible car, ragtop",https://commons.wikimedia.org/wiki/Special:FilePath/De-Cabrio.ogg
14386,189,Helium,Substantiv,De-Helium.ogg,"",Antihelium,helium,https://commons.wikimedia.org/wiki/Special:FilePath/De-Helium.ogg
14465,187,Ader,Substantiv,De-Ader.ogg,"Blutgefäß, Blutbahn, Blattader, Nerv, Blattnerv, Kapillare, Gang, Lager, Kabelader, Litze, Veranlagung, Begabung, Anlage","","blood vessel, artery, vein, nerve, vein, lode, core, wire",https://commons.wikimedia.org/wiki/Special:FilePath/De-Ader.ogg
15670,166,besinnen,Verb,De-besinnen.ogg,"nachdenken, sich sammeln","","bethink, consider, contemplate, recollect, reflect, bethink, consider, recall, recollect, reflect, remember",https://commons.wikimedia.org/wiki/Special:FilePath/De-besinnen.ogg
15783,164,mausetot,Adjektiv,De-mausetot.ogg,"{{landsch.|:}} steintot","quicklebendig, {{ugs.}} ''emotional verstärkend:'' quietschlebendig","stone dead, dead as a dodo, as dead as a dodo, dead as a doornail, as dead as a doornail, dead as mutton, as dead as mutton",https://commons.wikimedia.org/wiki/Special:FilePath/De-mausetot.ogg
16747,150,Fluggesellschaft,Substantiv,De-Fluggesellschaft.ogg,Airline,"","airline, air carrier",https://commons.wikimedia.org/wiki/Special:FilePath/De-Fluggesellschaft.ogg
16802,149,Wasserstoff,Substantiv,De-Wasserstoff.ogg,"Hydrogen, Hydrogenium","",hydrogen,https://commons.wikimedia.org/wiki/Special:FilePath/De-Wasserstoff.ogg
16992,146,Tastatur,Substantiv,De-Tastatur.ogg,"Griffbrett, Keyboard, Manual, Tastenwerk","Maus, Joystick, Lichtgriffel, Trackball",keyboard,https://commons.wikimedia.org/wiki/Special:FilePath/De-Tastatur.ogg
17687,138,Aal,Substantiv,De-Aal.ogg,"Torpedo, Brenner, Rotarsch, Sprutz, Zecke","",eel,https://commons.wikimedia.org/wiki/Special:FilePath/De-Aal.ogg
18123,133,anbrechen,Verb,De-at-brechen.ogg,"anfangen, beginnen, öffnen","enden, wiederverschließen","start, begin, break",https://commons.wikimedia.org/wiki/Special:FilePath/De-at-brechen.ogg
18212,132,Vene,Substantiv,De-at-Vene.ogg,Blutader,Arterie,"vein, vena",https://commons.wikimedia.org/wiki/Special:FilePath/De-at-Vene.ogg
19257,121,Wolkenkratzer,Substantiv,De-Wolkenkratzer.ogg,"Hochhaus, Wohnturm, Büroturm","",skyscraper,https://commons.wikimedia.org/wiki/Special:FilePath/De-Wolkenkratzer.ogg
19483,119,Storch,Substantiv,De-Storch.ogg,"''in Märchen und Fabeln, volkstümlich scherzhaft:'' Adebar, Gevatter Langbein, Langbein, Meister Adebar, Meister Langbein, ''kindersprachlich:'' Klapperstorch, ''Namibia:'' Chick/Tschick","Greisin, Alte, Olle",stork,https://commons.wikimedia.org/wiki/Special:FilePath/De-Storch.ogg
